{
  "dataset": "ehrshot",
  "num_patient_files": 6739,
  "num_patients_in_classification_index": 6238,
  "num_unused_patient_files": 501,
  "full_table_length": {
    "count": 6739,
    "mean": 6182.169016174506,
    "min": 10,
    "p50": 2592.0,
    "p75": 7373.0,
    "p90": 15761.599999999999,
    "p95": 23852.299999999992,
    "p99": 50444.93999999998,
    "max": 199913
  },
  "full_non_person_rows": {
    "count": 6739,
    "mean": 6178.46995103131,
    "min": 6,
    "p50": 2588.0,
    "p75": 7369.0,
    "p90": 15757.8,
    "p95": 23849.199999999993,
    "p99": 50440.93999999998,
    "max": 199909
  },
  "window_table_length": {
    "count": 24281,
    "mean": 1718.543387834109,
    "min": 5,
    "p50": 2052.0,
    "p75": 2052.0,
    "p90": 2052.0,
    "p95": 2052.0,
    "p99": 2052.0,
    "max": 2052
  },
  "num_windows": 24281,
  "split_counts": {
    "train": 2140,
    "test": 2052,
    "val": 2046,
    "unused": 501
  },
  "window_split_counts": {
    "train": 8757,
    "test": 7536,
    "val": 7477,
    "unused": 511
  },
  "window_rows": 2048,
  "stride_rows": 2048
}