{
  "dataset": "eicu",
  "num_patient_dirs": 200859,
  "num_stays_in_classification_index": 116809,
  "num_unused_patient_dirs": 84050,
  "full_table_length": {
    "count": 200859,
    "mean": 211.77462299423973,
    "min": 3,
    "p50": 126.0,
    "p75": 248.0,
    "p90": 458.0,
    "p95": 675.0,
    "p99": 1448.4199999999837,
    "max": 12178
  },
  "full_dynamic_rows": {
    "count": 200859,
    "mean": 208.77462299423973,
    "min": 0,
    "p50": 123.0,
    "p75": 245.0,
    "p90": 455.0,
    "p95": 672.0,
    "p99": 1445.4199999999837,
    "max": 12175
  },
  "full_context_table_length": {
    "count": 200859,
    "mean": 211.77462299423973,
    "min": 3,
    "p50": 126.0,
    "p75": 248.0,
    "p90": 458.0,
    "p95": 675.0,
    "p99": 1448.4199999999837,
    "max": 12178
  },
  "num_windows": 200859,
  "split_counts": {
    "train": 140706,
    "val": 30222,
    "test": 29931
  },
  "classification_split_counts": {
    "unused": 84050,
    "train": 81666,
    "val": 17606,
    "test": 17537
  }
}